4222;192.168.112.230;port;22;username;tvanwyk1;;
1283;192.168.112.112;port;22;username;tvanwyk1;;
1187;192.168.112.17;port;22;username;tvanwyk1;;
2955;192.168.112.224;port;22;username;tvanwyk1;;
1281;192.168.113.10;port;22;username;tvanwyk1;;
2853;192.168.112.69;port;22;username;tvanwyk1;;
100;192.168.112.1;port;22;username;tvanwyk1;;
999;192.168.113.254;port;22;username;tvanwyk1;;
2935;192.168.113.146;port;22;username;tvanwyk1;;
1151;192.168.112.163;port;22;username;tvanwyk1;;
1164;192.168.112.13;port;22;username;tvanwyk1;;
2807;192.168.113.44;port;22;username;tvanwyk1;;
1270;192.168.112.109;port;22;username;tvanwyk1;;
1165;192.168.112.247;port;22;username;tvanwyk1;;
2798;192.168.112.62;port;22;username;tvanwyk1;;
100;192.168.112.2;port;22;username;tvanwyk1;;
1091;192.168.112.236;port;22;username;tvanwyk1;;
1221;192.168.112.253;port;22;username;tvanwyk1;;
3250;192.168.113.59;port;22;username;tvanwyk1;;
1087;192.168.112.233;port;22;username;tvanwyk1;;
1034;192.168.112.154;port;22;username;tvanwyk1;;
8055;192.168.113.150;port;22;username;tvanwyk1;;
1097;192.168.112.92;port;22;username;tvanwyk1;;
1273;192.168.112.25;port;22;username;tvanwyk1;;
1068;192.168.113.77;port;22;username;tvanwyk1;;
2765;192.168.113.40;port;22;username;tvanwyk1;;
2868;192.168.112.72;port;22;username;tvanwyk1;;
2768;192.168.112.134;port;22;username;tvanwyk1;;
1313;192.168.112.46;port;22;username;tvanwyk1;;
1223;192.168.112.170;port;22;username;tvanwyk1;;
2642;192.168.113.122;port;22;username;tvanwyk1;;
1153;192.168.112.164;port;22;username;tvanwyk1;;
1262;192.168.112.23;port;22;username;tvanwyk1;;
4106;192.168.112.229;port;22;username;tvanwyk1;;
4078;192.168.113.61;port;22;username;tvanwyk1;;
1100;192.168.112.238;port;22;username;tvanwyk1;;
2713;192.168.113.123;port;22;username;tvanwyk1;;
2947;192.168.112.221;port;22;username;tvanwyk1;;
1234;192.168.113.3;port;22;username;tvanwyk1;;
2217;192.168.112.199;port;22;username;tvanwyk1;;
3002;192.168.112.225;port;22;username;tvanwyk1;;
1137;192.168.113.86;port;22;username;tvanwyk1;;
2221;192.168.112.45;port;22;username;tvanwyk1;;
2746;192.168.112.132;port;22;username;tvanwyk1;;
2139;192.168.112.196;port;22;username;tvanwyk1;;
2896;192.168.113.52;port;22;username;tvanwyk1;;
2827;192.168.112.216;port;22;username;tvanwyk1;;
1158;192.168.113.90;port;22;username;tvanwyk1;;
1054;192.168.113.70;port;22;username;tvanwyk1;;
2884;192.168.112.74;port;22;username;tvanwyk1;;
1302;192.168.112.184;port;22;username;tvanwyk1;;
2388;192.168.113.27;port;22;username;tvanwyk1;;
1160;192.168.112.165;port;22;username;tvanwyk1;;
1099;192.168.112.158;port;22;username;tvanwyk1;;
2885;192.168.113.138;port;22;username;tvanwyk1;;
2914;192.168.113.143;port;22;username;tvanwyk1;;
2759;192.168.113.127;port;22;username;tvanwyk1;;
1128;192.168.112.245;port;22;username;tvanwyk1;;
2594;192.168.112.47;port;22;username;tvanwyk1;;
1090;192.168.112.235;port;22;username;tvanwyk1;;
1308;192.168.112.188;port;22;username;tvanwyk1;;
2763;192.168.113.39;port;22;username;tvanwyk1;;
1173;192.168.112.101;port;22;username;tvanwyk1;;
1260;192.168.112.22;port;22;username;tvanwyk1;;
1295;192.168.113.104;port;22;username;tvanwyk1;;
1184;192.168.112.248;port;22;username;tvanwyk1;;
1305;192.168.112.186;port;22;username;tvanwyk1;;
1237;192.168.113.4;port;22;username;tvanwyk1;;
1060;192.168.113.74;port;22;username;tvanwyk1;;
1073;192.168.113.79;port;22;username;tvanwyk1;;
2027;192.168.112.35;port;22;username;tvanwyk1;;
1081;192.168.112.8;port;22;username;tvanwyk1;;
1288;192.168.112.29;port;22;username;tvanwyk1;;
1251;192.168.113.7;port;22;username;tvanwyk1;;
2797;192.168.113.130;port;22;username;tvanwyk1;;
2856;192.168.112.217;port;22;username;tvanwyk1;;
2732;192.168.112.130;port;22;username;tvanwyk1;;
1083;192.168.112.155;port;22;username;tvanwyk1;;
1030;192.168.112.152;port;22;username;tvanwyk1;;
2720;192.168.112.52;port;22;username;tvanwyk1;;
2149;192.168.112.198;port;22;username;tvanwyk1;;
1256;192.168.113.94;port;22;username;tvanwyk1;;
2292;192.168.113.118;port;22;username;tvanwyk1;;
1219;192.168.112.19;port;22;username;tvanwyk1;;
2766;192.168.112.59;port;22;username;tvanwyk1;;
1162;192.168.112.100;port;22;username;tvanwyk1;;
2157;192.168.112.42;port;22;username;tvanwyk1;;
1095;192.168.112.237;port;22;username;tvanwyk1;;
2736;192.168.113.126;port;22;username;tvanwyk1;;
2690;192.168.113.32;port;22;username;tvanwyk1;;
2055;192.168.113.111;port;22;username;tvanwyk1;;
1055;192.168.113.71;port;22;username;tvanwyk1;;
7124;192.168.112.231;port;22;username;tvanwyk1;;
3453;192.168.112.228;port;22;username;tvanwyk1;;
1076;192.168.113.82;port;22;username;tvanwyk1;;
1310;192.168.113.5;port;22;username;tvanwyk1;;
1070;192.168.112.232;port;22;username;tvanwyk1;;
1012;192.168.112.85;port;22;username;tvanwyk1;;
1082;192.168.112.9;port;22;username;tvanwyk1;;
2894;192.168.112.76;port;22;username;tvanwyk1;;
2749;192.168.112.133;port;22;username;tvanwyk1;;
2756;192.168.112.57;port;22;username;tvanwyk1;;
1064;192.168.113.76;port;22;username;tvanwyk1;;
2412;192.168.113.119;port;22;username;tvanwyk1;;
1004;192.168.112.147;port;22;username;tvanwyk1;;
2841;192.168.112.68;port;22;username;tvanwyk1;;
3012;192.168.112.226;port;22;username;tvanwyk1;;
2849;192.168.112.138;port;22;username;tvanwyk1;;
9000;192.168.113.251;port;22;username;tvanwyk1;;
7173;192.168.112.83;port;22;username;tvanwyk1;;
1277;192.168.113.9;port;22;username;tvanwyk1;;
1188;192.168.112.249;port;22;username;tvanwyk1;;
2891;192.168.113.51;port;22;username;tvanwyk1;;
6010;192.168.113.99;port;22;username;tvanwyk1;;
2826;192.168.112.215;port;22;username;tvanwyk1;;
2047;192.168.112.37;port;22;username;tvanwyk1;;
1330;192.168.112.32;port;22;username;tvanwyk1;;
2165;192.168.113.114;port;22;username;tvanwyk1;;
1269;192.168.113.98;port;22;username;tvanwyk1;;
8999;192.168.113.252;port;22;username;tvanwyk1;;
2933;192.168.112.145;port;22;username;tvanwyk1;;
1328;192.168.112.117;port;22;username;tvanwyk1;;
2909;192.168.113.141;port;22;username;tvanwyk1;;
1293;192.168.112.181;port;22;username;tvanwyk1;;
2921;192.168.112.143;port;22;username;tvanwyk1;;
2315;192.168.113.26;port;22;username;tvanwyk1;;
2045;192.168.112.36;port;22;username;tvanwyk1;;
2413;192.168.113.28;port;22;username;tvanwyk1;;
1289;192.168.113.103;port;22;username;tvanwyk1;;
2809;192.168.113.131;port;22;username;tvanwyk1;;
1306;192.168.112.187;port;22;username;tvanwyk1;;
1284;192.168.112.113;port;22;username;tvanwyk1;;
2145;192.168.112.197;port;22;username;tvanwyk1;;
1085;192.168.112.157;port;22;username;tvanwyk1;;
1290;192.168.112.180;port;22;username;tvanwyk1;;
2430;192.168.113.30;port;22;username;tvanwyk1;;
1061;192.168.113.75;port;22;username;tvanwyk1;;
2232;192.168.112.201;port;22;username;tvanwyk1;;
1118;192.168.112.159;port;22;username;tvanwyk1;;
2405;192.168.112.203;port;22;username;tvanwyk1;;
1275;192.168.112.26;port;22;username;tvanwyk1;;
2823;192.168.112.137;port;22;username;tvanwyk1;;
1274;192.168.113.100;port;22;username;tvanwyk1;;
2599;192.168.112.206;port;22;username;tvanwyk1;;
2727;192.168.112.129;port;22;username;tvanwyk1;;
2042;192.168.113.110;port;22;username;tvanwyk1;;
2133;192.168.112.194;port;22;username;tvanwyk1;;
1287;192.168.112.28;port;22;username;tvanwyk1;;
1022;192.168.112.4;port;22;username;tvanwyk1;;
1311;192.168.113.152;port;22;username;tvanwyk1;;
2718;192.168.112.208;port;22;username;tvanwyk1;;
2090;192.168.112.39;port;22;username;tvanwyk1;;
2704;192.168.112.207;port;22;username;tvanwyk1;;
2181;192.168.112.120;port;22;username;tvanwyk1;;
1232;192.168.113.2;port;22;username;tvanwyk1;;
2860;192.168.112.70;port;22;username;tvanwyk1;;
1279;192.168.113.102;port;22;username;tvanwyk1;;
1189;192.168.112.102;port;22;username;tvanwyk1;;
1217;192.168.112.251;port;22;username;tvanwyk1;;
1102;192.168.112.240;port;22;username;tvanwyk1;;
2796;192.168.112.61;port;22;username;tvanwyk1;;
2428;192.168.112.204;port;22;username;tvanwyk1;;
2840;192.168.113.47;port;22;username;tvanwyk1;;
1268;192.168.112.177;port;22;username;tvanwyk1;;
2195;192.168.112.43;port;22;username;tvanwyk1;;
2814;192.168.112.213;port;22;username;tvanwyk1;;
1171;192.168.112.15;port;22;username;tvanwyk1;;
1255;192.168.112.175;port;22;username;tvanwyk1;;
2012;192.168.113.109;port;22;username;tvanwyk1;;
2744;192.168.112.131;port;22;username;tvanwyk1;;
2166;192.168.113.21;port;22;username;tvanwyk1;;
1119;192.168.112.11;port;22;username;tvanwyk1;;
2095;192.168.113.20;port;22;username;tvanwyk1;;
1202;192.168.112.250;port;22;username;tvanwyk1;;
3261;192.168.113.60;port;22;username;tvanwyk1;;
1051;192.168.113.67;port;22;username;tvanwyk1;;
2134;192.168.112.195;port;22;username;tvanwyk1;;
2912;192.168.112.142;port;22;username;tvanwyk1;;
2078;192.168.113.19;port;22;username;tvanwyk1;;
2812;192.168.112.63;port;22;username;tvanwyk1;;
2787;192.168.113.42;port;22;username;tvanwyk1;;
1248;192.168.112.174;port;22;username;tvanwyk1;;
2892;192.168.112.219;port;22;username;tvanwyk1;;
2622;192.168.112.49;port;22;username;tvanwyk1;;
1236;192.168.112.104;port;22;username;tvanwyk1;;
1140;192.168.112.160;port;22;username;tvanwyk1;;
2033;192.168.112.189;port;22;username;tvanwyk1;;
1291;192.168.112.114;port;22;username;tvanwyk1;;
2898;192.168.112.220;port;22;username;tvanwyk1;;
2188;192.168.113.115;port;22;username;tvanwyk1;;
2218;192.168.112.200;port;22;username;tvanwyk1;;
1167;192.168.112.14;port;22;username;tvanwyk1;;
2121;192.168.112.192;port;22;username;tvanwyk1;;
2424;192.168.113.120;port;22;username;tvanwyk1;;
2625;192.168.113.31;port;22;username;tvanwyk1;;
1282;192.168.112.179;port;22;username;tvanwyk1;;
2291;192.168.112.202;port;22;username;tvanwyk1;;
1226;192.168.112.255;port;22;username;tvanwyk1;;
1172;192.168.112.167;port;22;username;tvanwyk1;;
1314;192.168.113.151;port;22;username;tvanwyk1;;
2859;192.168.113.49;port;22;username;tvanwyk1;;
1294;192.168.112.182;port;22;username;tvanwyk1;;
1243;192.168.112.105;port;22;username;tvanwyk1;;
1331;192.168.112.118;port;22;username;tvanwyk1;;
2876;192.168.113.136;port;22;username;tvanwyk1;;
1139;192.168.112.12;port;22;username;tvanwyk1;;
2313;192.168.112.121;port;22;username;tvanwyk1;;
1265;192.168.112.24;port;22;username;tvanwyk1;;
2791;192.168.112.60;port;22;username;tvanwyk1;;
2700;192.168.112.128;port;22;username;tvanwyk1;;
1031;192.168.112.153;port;22;username;tvanwyk1;;
2764;192.168.112.58;port;22;username;tvanwyk1;;
2951;192.168.112.223;port;22;username;tvanwyk1;;
2822;192.168.113.134;port;22;username;tvanwyk1;;
1301;192.168.112.116;port;22;username;tvanwyk1;;
1333;192.168.113.107;port;22;username;tvanwyk1;;
1053;192.168.113.69;port;22;username;tvanwyk1;;
1101;192.168.112.239;port;22;username;tvanwyk1;;
1299;192.168.112.31;port;22;username;tvanwyk1;;
2124;192.168.112.193;port;22;username;tvanwyk1;;
1176;192.168.112.169;port;22;username;tvanwyk1;;
1014;192.168.112.151;port;22;username;tvanwyk1;;
2168;192.168.113.22;port;22;username;tvanwyk1;;
1084;192.168.112.156;port;22;username;tvanwyk1;;
2934;192.168.113.145;port;22;username;tvanwyk1;;
2946;192.168.113.56;port;22;username;tvanwyk1;;
1259;192.168.113.96;port;22;username;tvanwyk1;;
1125;192.168.112.98;port;22;username;tvanwyk1;;
1297;192.168.113.105;port;22;username;tvanwyk1;;
2717;192.168.113.124;port;22;username;tvanwyk1;;
1304;192.168.112.185;port;22;username;tvanwyk1;;
1049;192.168.113.66;port;22;username;tvanwyk1;;
2883;192.168.113.137;port;22;username;tvanwyk1;;
1124;192.168.112.97;port;22;username;tvanwyk1;;
2672;192.168.112.50;port;22;username;tvanwyk1;;
1015;192.168.112.86;port;22;username;tvanwyk1;;
1261;192.168.112.106;port;22;username;tvanwyk1;;
2810;192.168.113.132;port;22;username;tvanwyk1;;
1094;192.168.112.91;port;22;username;tvanwyk1;;
1041;192.168.113.63;port;22;username;tvanwyk1;;
1229;192.168.112.103;port;22;username;tvanwyk1;;
2950;192.168.112.222;port;22;username;tvanwyk1;;
1292;192.168.112.115;port;22;username;tvanwyk1;;
2671;192.168.112.127;port;22;username;tvanwyk1;;
1134;192.168.113.84;port;22;username;tvanwyk1;;
1152;192.168.113.89;port;22;username;tvanwyk1;;
1019;192.168.112.88;port;22;username;tvanwyk1;;
2174;192.168.113.24;port;22;username;tvanwyk1;;
2888;192.168.112.140;port;22;username;tvanwyk1;;
2059;192.168.113.18;port;22;username;tvanwyk1;;
1238;192.168.112.172;port;22;username;tvanwyk1;;
2878;192.168.113.50;port;22;username;tvanwyk1;;
1021;192.168.112.3;port;22;username;tvanwyk1;;
2609;192.168.113.121;port;22;username;tvanwyk1;;
2214;192.168.112.44;port;22;username;tvanwyk1;;
1130;192.168.112.99;port;22;username;tvanwyk1;;
2928;192.168.112.144;port;22;username;tvanwyk1;;
2610;192.168.112.48;port;22;username;tvanwyk1;;
2949;192.168.113.149;port;22;username;tvanwyk1;;
2828;192.168.113.135;port;22;username;tvanwyk1;;
2945;192.168.112.80;port;22;username;tvanwyk1;;
2160;192.168.112.119;port;22;username;tvanwyk1;;
1045;192.168.113.65;port;22;username;tvanwyk1;;
2072;192.168.112.38;port;22;username;tvanwyk1;;
4122;192.168.112.82;port;22;username;tvanwyk1;;
1113;192.168.112.10;port;22;username;tvanwyk1;;
2864;192.168.112.71;port;22;username;tvanwyk1;;
1105;192.168.112.241;port;22;username;tvanwyk1;;
1147;192.168.112.162;port;22;username;tvanwyk1;;
1309;192.168.113.154;port;22;username;tvanwyk1;;
2904;192.168.112.141;port;22;username;tvanwyk1;;
2015;192.168.112.34;port;22;username;tvanwyk1;;
1039;192.168.112.6;port;22;username;tvanwyk1;;
1074;192.168.113.80;port;22;username;tvanwyk1;;
2028;192.168.113.14;port;22;username;tvanwyk1;;
1075;192.168.113.81;port;22;username;tvanwyk1;;
2789;192.168.113.129;port;22;username;tvanwyk1;;
1267;192.168.112.108;port;22;username;tvanwyk1;;
2617;192.168.112.126;port;22;username;tvanwyk1;;
1121;192.168.112.244;port;22;username;tvanwyk1;;
1222;192.168.113.92;port;22;username;tvanwyk1;;
2196;192.168.113.116;port;22;username;tvanwyk1;;
2107;192.168.112.40;port;22;username;tvanwyk1;;
1298;192.168.113.12;port;22;username;tvanwyk1;;
1175;192.168.112.168;port;22;username;tvanwyk1;;
3056;192.168.112.227;port;22;username;tvanwyk1;;
2817;192.168.112.64;port;22;username;tvanwyk1;;
2778;192.168.113.128;port;22;username;tvanwyk1;;
2911;192.168.113.53;port;22;username;tvanwyk1;;
1136;192.168.113.85;port;22;username;tvanwyk1;;
1218;192.168.112.252;port;22;username;tvanwyk1;;
1056;192.168.113.72;port;22;username;tvanwyk1;;
2877;192.168.112.139;port;22;username;tvanwyk1;;
2948;192.168.113.148;port;22;username;tvanwyk1;;
1058;192.168.113.73;port;22;username;tvanwyk1;;
2907;192.168.112.78;port;22;username;tvanwyk1;;
2769;192.168.112.211;port;22;username;tvanwyk1;;
1246;192.168.112.21;port;22;username;tvanwyk1;;
2937;192.168.113.55;port;22;username;tvanwyk1;;
1144;192.168.112.161;port;22;username;tvanwyk1;;
2895;192.168.113.139;port;22;username;tvanwyk1;;
2821;192.168.113.46;port;22;username;tvanwyk1;;
1046;192.168.112.90;port;22;username;tvanwyk1;;
1332;192.168.113.106;port;22;username;tvanwyk1;;
2081;192.168.113.113;port;22;username;tvanwyk1;;
2598;192.168.112.205;port;22;username;tvanwyk1;;
1123;192.168.112.96;port;22;username;tvanwyk1;;
2988;192.168.113.58;port;22;username;tvanwyk1;;
2758;192.168.112.210;port;22;username;tvanwyk1;;
1276;192.168.113.101;port;22;username;tvanwyk1;;
1233;192.168.113.93;port;22;username;tvanwyk1;;
2352;192.168.112.122;port;22;username;tvanwyk1;;
1008;192.168.112.150;port;22;username;tvanwyk1;;
1280;192.168.112.111;port;22;username;tvanwyk1;;
1017;192.168.112.87;port;22;username;tvanwyk1;;
2433;192.168.112.125;port;22;username;tvanwyk1;;
2046;192.168.112.190;port;22;username;tvanwyk1;;
1106;192.168.112.242;port;22;username;tvanwyk1;;
2000;192.168.113.108;port;22;username;tvanwyk1;;
2014;192.168.112.33;port;22;username;tvanwyk1;;
2714;192.168.113.34;port;22;username;tvanwyk1;;
1120;192.168.113.83;port;22;username;tvanwyk1;;
1011;192.168.112.84;port;22;username;tvanwyk1;;
1114;192.168.112.93;port;22;username;tvanwyk1;;
2922;192.168.112.79;port;22;username;tvanwyk1;;
2794;192.168.113.43;port;22;username;tvanwyk1;;
2831;192.168.112.66;port;22;username;tvanwyk1;;
2875;192.168.112.73;port;22;username;tvanwyk1;;
1111;192.168.112.243;port;22;username;tvanwyk1;;
2752;192.168.113.36;port;22;username;tvanwyk1;;
2142;192.168.112.41;port;22;username;tvanwyk1;;
1285;192.168.113.11;port;22;username;tvanwyk1;;
4304;192.168.113.62;port;22;username;tvanwyk1;;
2725;192.168.113.35;port;22;username;tvanwyk1;;
2825;192.168.112.65;port;22;username;tvanwyk1;;
1178;192.168.113.91;port;22;username;tvanwyk1;;
2172;192.168.113.23;port;22;username;tvanwyk1;;
1122;192.168.112.95;port;22;username;tvanwyk1;;
2748;192.168.112.55;port;22;username;tvanwyk1;;
1240;192.168.112.20;port;22;username;tvanwyk1;;
1080;192.168.112.7;port;22;username;tvanwyk1;;
2801;192.168.112.212;port;22;username;tvanwyk1;;
2819;192.168.113.133;port;22;username;tvanwyk1;;
2920;192.168.113.144;port;22;username;tvanwyk1;;
1043;192.168.113.64;port;22;username;tvanwyk1;;
2754;192.168.113.37;port;22;username;tvanwyk1;;
2705;192.168.112.51;port;22;username;tvanwyk1;;
1264;192.168.112.107;port;22;username;tvanwyk1;;
1257;192.168.113.95;port;22;username;tvanwyk1;;
2061;192.168.113.112;port;22;username;tvanwyk1;;
1245;192.168.112.173;port;22;username;tvanwyk1;;
2786;192.168.113.41;port;22;username;tvanwyk1;;
1035;192.168.112.5;port;22;username;tvanwyk1;;
1163;192.168.112.166;port;22;username;tvanwyk1;;
1138;192.168.113.87;port;22;username;tvanwyk1;;
2865;192.168.112.218;port;22;username;tvanwyk1;;
1300;192.168.112.183;port;22;username;tvanwyk1;;
1271;192.168.112.178;port;22;username;tvanwyk1;;
2414;192.168.112.123;port;22;username;tvanwyk1;;
2854;192.168.113.48;port;22;username;tvanwyk1;;
1296;192.168.112.30;port;22;username;tvanwyk1;;
1312;192.168.113.153;port;22;username;tvanwyk1;;
1003;192.168.112.146;port;22;username;tvanwyk1;;
1072;192.168.113.78;port;22;username;tvanwyk1;;
1225;192.168.112.254;port;22;username;tvanwyk1;;
1143;192.168.112.246;port;22;username;tvanwyk1;;
2750;192.168.112.209;port;22;username;tvanwyk1;;
2808;192.168.113.45;port;22;username;tvanwyk1;;
1148;192.168.113.88;port;22;username;tvanwyk1;;
1307;192.168.113.13;port;22;username;tvanwyk1;;
1006;192.168.112.148;port;22;username;tvanwyk1;;
1020;192.168.112.89;port;22;username;tvanwyk1;;
2755;192.168.112.56;port;22;username;tvanwyk1;;
2773;192.168.112.135;port;22;username;tvanwyk1;;
2899;192.168.112.77;port;22;username;tvanwyk1;;
2724;192.168.112.53;port;22;username;tvanwyk1;;
1216;192.168.112.18;port;22;username;tvanwyk1;;
1174;192.168.112.16;port;22;username;tvanwyk1;;
1242;192.168.113.6;port;22;username;tvanwyk1;;
1228;192.168.113.1;port;22;username;tvanwyk1;;
6239;192.168.112.27;port;22;username;tvanwyk1;;
2420;192.168.112.124;port;22;username;tvanwyk1;;
2895;192.168.113.139;port22;username;tvanwyk1;;
